{
	"cama": {
		"x": 942.0,
		"y": 444.0
	},
	"collectables": [
		{
			"x": 440.000030517578,
			"y": 129.000015258789
		},
		{
			"x": 855.0,
			"y": 201.000030517578
		},
		{
			"x": 166.0,
			"y": 461.000030517578
		},
		{
			"x": 642.0,
			"y": 338.000030517578
		}
	],
	"player_spawner": {
		"x": 178.0,
		"y": 104.0
	}
}